,loc_2,name,phone,location,location_0,location_1,CODE,NAME,X,Y,loc,loc_0,loc_1,scale
0,강원도 강릉시,15,15,15,15,15,42150,강릉시,128.8265,37.710499999999996,강원도 강릉시,강원도,강릉시,0.16091954022988506
1,강원도 고성군,3,3,3,3,3,42820,고성군,128.425,38.388999999999996,강원도 고성군,강원도,고성군,0.022988505747126436
2,강원도 동해시,4,4,4,4,4,42170,동해시,129.058,37.516,강원도 동해시,강원도,동해시,0.034482758620689655
3,강원도 삼척시,4,4,4,4,4,42230,삼척시,129.10399999999998,37.257999999999996,강원도 삼척시,강원도,삼척시,0.034482758620689655
4,강원도 속초시,8,8,8,8,8,42210,속초시,128.518,38.174,강원도 속초시,강원도,속초시,0.08045977011494253
5,강원도 양구군,2,2,2,2,2,42800,양구군,128.012,38.1655,강원도 양구군,강원도,양구군,0.011494252873563218
6,강원도 양양군,2,2,2,2,2,42830,양양군,128.60649999999998,38.012,강원도 양양군,강원도,양양군,0.011494252873563218
7,강원도 영월군,4,4,4,4,4,42750,영월군,128.5085,37.2185,강원도 영월군,강원도,영월군,0.034482758620689655
8,강원도 원주시,28,28,28,28,28,42130,원주시,127.981,37.325,강원도 원주시,강원도,원주시,0.3103448275862069
9,강원도 인제군,4,4,4,4,4,42810,인제군,128.2465,38.096000000000004,강원도 인제군,강원도,인제군,0.034482758620689655
10,강원도 정선군,4,4,4,4,4,42770,정선군,128.748,37.3695,강원도 정선군,강원도,정선군,0.034482758620689655
11,강원도 철원군,6,6,6,6,6,42780,철원군,127.453,38.2135,강원도 철원군,강원도,철원군,0.05747126436781609
12,강원도 춘천시,24,24,24,24,24,42110,춘천시,127.768,37.8805,강원도 춘천시,강원도,춘천시,0.26436781609195403
13,강원도 태백시,2,2,2,2,2,42190,태백시,128.98149999999998,37.20399999999999,강원도 태백시,강원도,태백시,0.011494252873563218
14,강원도 평창군,13,13,13,13,13,42760,평창군,128.5045,37.544,강원도 평창군,강원도,평창군,0.13793103448275862
15,강원도 홍천군,8,8,8,8,8,42720,홍천군,128.062,37.7485,강원도 홍천군,강원도,홍천군,0.08045977011494253
16,강원도 화천군,3,3,3,3,3,42790,화천군,127.6725,38.141,강원도 화천군,강원도,화천군,0.022988505747126436
17,강원도 횡성군,11,11,11,11,11,42730,횡성군,128.031,37.4895,강원도 횡성군,강원도,횡성군,0.11494252873563218
18,경기도 가평군,9,9,9,9,9,41820,가평군,127.44200000000001,37.811,경기도 가평군,경기도,가평군,0.09195402298850575
19,경기도 과천시,11,11,11,11,11,41290,과천시,127.00399999999999,37.4345,경기도 과천시,경기도,과천시,0.11494252873563218
20,경기도 광명시,17,17,17,17,17,41210,광명시,126.863,37.448499999999996,경기도 광명시,경기도,광명시,0.1839080459770115
21,경기도 광주시,31,31,31,31,31,41610,광주시,127.2895,37.4005,경기도 광주시,경기도,광주시,0.3448275862068966
22,경기도 구리시,18,18,18,18,18,41310,구리시,127.136,37.601,경기도 구리시,경기도,구리시,0.19540229885057472
23,경기도 군포시,13,13,13,13,13,41410,군포시,126.9175,37.342,경기도 군포시,경기도,군포시,0.13793103448275862
24,경기도 김포시,40,40,40,40,40,41570,김포시,126.549,37.602,경기도 김포시,경기도,김포시,0.4482758620689655
25,경기도 남양주시,51,51,51,51,51,41360,남양주시,127.22999999999999,37.6435,경기도 남양주시,경기도,남양주시,0.5747126436781609
26,경기도 동두천시,10,10,10,10,10,41250,동두천시,127.0805,37.920500000000004,경기도 동두천시,경기도,동두천시,0.10344827586206896
27,경기도 부천시,65,65,65,65,65,41190,부천시,126.7875,37.504999999999995,경기도 부천시,경기도,부천시,0.735632183908046
28,경기도 시흥시,35,35,35,35,35,41390,시흥시,126.784,37.3935,경기도 시흥시,경기도,시흥시,0.39080459770114945
29,경기도 안성시,29,29,29,29,29,41550,안성시,127.309,37.025,경기도 안성시,경기도,안성시,0.3218390804597701
30,경기도 양주시,19,19,19,19,19,41630,양주시,127.012,37.805499999999995,경기도 양주시,경기도,양주시,0.20689655172413793
31,경기도 양평군,14,14,14,14,14,41830,양평군,127.577,37.5185,경기도 양평군,경기도,양평군,0.14942528735632185
32,경기도 여주시,12,12,12,12,12,41670,여주시,127.5835,37.288,경기도 여주시,경기도,여주시,0.12643678160919541
33,경기도 연천군,7,7,7,7,7,41800,연천군,126.9965,38.084999999999994,경기도 연천군,경기도,연천군,0.06896551724137931
34,경기도 오산시,16,16,16,16,16,41370,오산시,127.0475,37.163,경기도 오산시,경기도,오산시,0.1724137931034483
35,경기도 의왕시,12,12,12,12,12,41430,의왕시,126.9885,37.358,경기도 의왕시,경기도,의왕시,0.12643678160919541
36,경기도 의정부시,32,32,32,32,32,41150,의정부시,127.0745,37.734,경기도 의정부시,경기도,의정부시,0.3563218390804598
37,경기도 이천시,31,31,31,31,31,41500,이천시,127.48400000000001,37.201499999999996,경기도 이천시,경기도,이천시,0.3448275862068966
38,경기도 파주시,47,47,47,47,47,41480,파주시,126.8385,37.8495,경기도 파주시,경기도,파주시,0.5287356321839081
39,경기도 평택시,53,53,53,53,53,41220,평택시,126.9665,37.022999999999996,경기도 평택시,경기도,평택시,0.5977011494252874
40,경기도 포천시,23,23,23,23,23,41650,포천시,127.2685,37.9675,경기도 포천시,경기도,포천시,0.25287356321839083
41,경기도 하남시,29,29,29,29,29,41450,하남시,127.213,37.5305,경기도 하남시,경기도,하남시,0.3218390804597701
42,경기도 화성시,74,74,74,74,74,41590,화성시,126.539,37.108000000000004,경기도 화성시,경기도,화성시,0.8390804597701149
43,경상남도 거제시,12,12,12,12,12,48310,거제시,128.71300000000002,34.786,경상남도 거제시,경상남도,거제시,0.12643678160919541
44,경상남도 거창군,13,13,13,13,13,48880,거창군,127.887,35.712,경상남도 거창군,경상남도,거창군,0.13793103448275862
45,경상남도 고성군,10,10,10,10,10,48820,고성군,128.2225,34.9285,경상남도 고성군,경상남도,고성군,0.10344827586206896
46,경상남도 김해시,48,48,48,48,48,48250,김해시,128.8535,35.2725,경상남도 김해시,경상남도,김해시,0.5402298850574713
47,경상남도 남해군,5,5,5,5,5,48840,남해군,128.047,34.6865,경상남도 남해군,경상남도,남해군,0.04597701149425287
48,경상남도 밀양시,13,13,13,13,13,48270,밀양시,128.7975,35.492999999999995,경상남도 밀양시,경상남도,밀양시,0.13793103448275862
49,경상남도 사천시,14,14,14,14,14,48240,사천시,128.0315,35.039,경상남도 사천시,경상남도,사천시,0.14942528735632185
50,경상남도 산청군,9,9,9,9,9,48860,산청군,127.9015,35.3975,경상남도 산청군,경상남도,산청군,0.09195402298850575
51,경상남도 양산시,22,22,22,22,22,48330,양산시,129.04649999999998,35.403,경상남도 양산시,경상남도,양산시,0.2413793103448276
52,경상남도 의령군,4,4,4,4,4,48720,의령군,128.2615,35.3855,경상남도 의령군,경상남도,의령군,0.034482758620689655
53,경상남도 진주시,35,35,35,35,35,48170,진주시,128.128,35.200500000000005,경상남도 진주시,경상남도,진주시,0.39080459770114945
54,경상남도 창녕군,14,14,14,14,14,48740,창녕군,128.5015,35.525999999999996,경상남도 창녕군,경상남도,창녕군,0.14942528735632185
55,경상남도 통영시,14,14,14,14,14,48220,통영시,128.3845,34.9045,경상남도 통영시,경상남도,통영시,0.14942528735632185
56,경상남도 하동군,5,5,5,5,5,48850,하동군,127.8315,34.936,경상남도 하동군,경상남도,하동군,0.04597701149425287
57,경상남도 함안군,9,9,9,9,9,48730,함안군,128.433,35.283,경상남도 함안군,경상남도,함안군,0.09195402298850575
58,경상남도 함양군,7,7,7,7,7,48870,함양군,127.7315,35.5435,경상남도 함양군,경상남도,함양군,0.06896551724137931
59,경상남도 합천군,14,14,14,14,14,48890,합천군,128.167,35.6,경상남도 합천군,경상남도,합천군,0.14942528735632185
60,경상북도 경산시,37,37,37,37,37,47290,경산시,128.8265,35.8475,경상북도 경산시,경상북도,경산시,0.41379310344827586
61,경상북도 경주시,34,34,34,34,34,47130,경주시,129.24450000000002,35.8595,경상북도 경주시,경상북도,경주시,0.3793103448275862
62,경상북도 고령군,9,9,9,9,9,47830,고령군,128.32150000000001,35.7315,경상북도 고령군,경상북도,고령군,0.09195402298850575
63,경상북도 구미시,38,38,38,38,38,47190,구미시,128.3485,36.2115,경상북도 구미시,경상북도,구미시,0.42528735632183906
64,경상북도 군위군,6,6,6,6,6,47720,군위군,128.655,36.167,경상북도 군위군,경상북도,군위군,0.05747126436781609
65,경상북도 김천시,16,16,16,16,16,47150,김천시,128.088,36.0435,경상북도 김천시,경상북도,김천시,0.1724137931034483
66,경상북도 문경시,11,11,11,11,11,47280,문경시,128.127,36.692499999999995,경상북도 문경시,경상북도,문경시,0.11494252873563218
67,경상북도 봉화군,6,6,6,6,6,47920,봉화군,128.9125,36.923500000000004,경상북도 봉화군,경상북도,봉화군,0.05747126436781609
68,경상북도 상주시,25,25,25,25,25,47250,상주시,128.06799999999998,36.447,경상북도 상주시,경상북도,상주시,0.27586206896551724
69,경상북도 성주군,8,8,8,8,8,47840,성주군,128.223,35.916,경상북도 성주군,경상북도,성주군,0.08045977011494253
70,경상북도 안동시,16,16,16,16,16,47170,안동시,128.7145,36.5595,경상북도 안동시,경상북도,안동시,0.1724137931034483
71,경상북도 영덕군,3,3,3,3,3,47770,영덕군,129.3005,36.4705,경상북도 영덕군,경상북도,영덕군,0.022988505747126436
72,경상북도 영양군,3,3,3,3,3,47760,영양군,129.149,36.686,경상북도 영양군,경상북도,영양군,0.022988505747126436
73,경상북도 영주시,14,14,14,14,14,47210,영주시,128.585,36.8805,경상북도 영주시,경상북도,영주시,0.14942528735632185
74,경상북도 영천시,15,15,15,15,15,47230,영천시,128.9225,36.0075,경상북도 영천시,경상북도,영천시,0.16091954022988506
75,경상북도 예천군,10,10,10,10,10,47900,예천군,128.43599999999998,36.6515,경상북도 예천군,경상북도,예천군,0.10344827586206896
76,경상북도 울릉군,1,1,1,1,1,47940,울릉군,130.938,37.531000000000006,경상북도 울릉군,경상북도,울릉군,0.0
77,경상북도 울진군,5,5,5,5,5,47930,울진군,129.2775,36.894999999999996,경상북도 울진군,경상북도,울진군,0.04597701149425287
78,경상북도 의성군,14,14,14,14,14,47730,의성군,128.59199999999998,36.3615,경상북도 의성군,경상북도,의성군,0.14942528735632185
79,경상북도 청도군,8,8,8,8,8,47820,청도군,128.78699999999998,35.7065,경상북도 청도군,경상북도,청도군,0.08045977011494253
80,경상북도 청송군,3,3,3,3,3,47750,청송군,129.051,36.378,경상북도 청송군,경상북도,청송군,0.022988505747126436
81,경상북도 칠곡군,9,9,9,9,9,47850,칠곡군,128.462,36.006,경상북도 칠곡군,경상북도,칠곡군,0.09195402298850575
82,광주광역시 광산구,30,30,30,30,30,29200,광산구,126.7535,35.164500000000004,광주광역시 광산구,광주광역시,광산구,0.3333333333333333
83,광주광역시 남구,21,21,21,21,21,29155,남구,126.8415,35.102000000000004,광주광역시 남구,광주광역시,남구,0.22988505747126436
84,광주광역시 동구,8,8,8,8,8,29110,동구,126.9555,35.119,광주광역시 동구,광주광역시,동구,0.08045977011494253
85,광주광역시 북구,34,34,34,34,34,29170,북구,126.9285,35.1895,광주광역시 북구,광주광역시,북구,0.3793103448275862
86,광주광역시 서구,30,30,30,30,30,29140,서구,126.8555,35.135000000000005,광주광역시 서구,광주광역시,서구,0.3333333333333333
87,대구광역시 남구,10,10,10,10,10,27200,남구,128.582,35.8335,대구광역시 남구,대구광역시,남구,0.10344827586206896
88,대구광역시 달서구,43,43,43,43,43,27290,달서구,128.5285,35.8215,대구광역시 달서구,대구광역시,달서구,0.4827586206896552
89,대구광역시 달성군,14,14,14,14,14,27710,달성군,128.5235,35.713,대구광역시 달성군,대구광역시,달성군,0.14942528735632185
90,대구광역시 동구,22,22,22,22,22,27140,동구,128.6825,35.933499999999995,대구광역시 동구,대구광역시,동구,0.2413793103448276
91,대구광역시 북구,33,33,33,33,33,27230,북구,128.5685,35.931,대구광역시 북구,대구광역시,북구,0.367816091954023
92,대구광역시 서구,10,10,10,10,10,27170,서구,128.54899999999998,35.875,대구광역시 서구,대구광역시,서구,0.10344827586206896
93,대구광역시 수성구,41,41,41,41,41,27260,수성구,128.66,35.834,대구광역시 수성구,대구광역시,수성구,0.45977011494252873
94,대구광역시 중구,11,11,11,11,11,27110,중구,128.5945,35.867,대구광역시 중구,대구광역시,중구,0.11494252873563218
95,대전광역시 대덕구,13,13,13,13,13,30230,대덕구,127.4465,36.409,대전광역시 대덕구,대전광역시,대덕구,0.13793103448275862
96,대전광역시 동구,13,13,13,13,13,30110,동구,127.487,36.317,대전광역시 동구,대전광역시,동구,0.13793103448275862
97,대전광역시 서구,35,35,35,35,35,30170,서구,127.342,36.2775,대전광역시 서구,대전광역시,서구,0.39080459770114945
98,대전광역시 유성구,36,36,36,36,36,30200,유성구,127.3335,36.382000000000005,대전광역시 유성구,대전광역시,유성구,0.40229885057471265
99,대전광역시 중구,15,15,15,15,15,30140,중구,127.413,36.2785,대전광역시 중구,대전광역시,중구,0.16091954022988506
100,부산광역시 강서구,10,10,10,10,10,26440,강서구,128.91250000000002,35.0595,부산광역시 강서구,부산광역시,강서구,0.10344827586206896
101,부산광역시 금정구,21,21,21,21,21,26410,금정구,129.091,35.257999999999996,부산광역시 금정구,부산광역시,금정구,0.22988505747126436
102,부산광역시 기장군,10,10,10,10,10,26710,기장군,129.2075,35.286,부산광역시 기장군,부산광역시,기장군,0.10344827586206896
103,부산광역시 남구,17,17,17,17,17,26290,남구,129.0955,35.129000000000005,부산광역시 남구,부산광역시,남구,0.1839080459770115
104,부산광역시 동구,5,5,5,5,5,26170,동구,129.04500000000002,35.128,부산광역시 동구,부산광역시,동구,0.04597701149425287
105,부산광역시 동래구,28,28,28,28,28,26260,동래구,129.08,35.205,부산광역시 동래구,부산광역시,동래구,0.3103448275862069
106,부산광역시 부산진구,30,30,30,30,30,26230,부산진구,129.047,35.167500000000004,부산광역시 부산진구,부산광역시,부산진구,0.3333333333333333
107,부산광역시 북구,19,19,19,19,19,26320,북구,129.0245,35.2325,부산광역시 북구,부산광역시,북구,0.20689655172413793
108,부산광역시 사상구,12,12,12,12,12,26530,사상구,128.98899999999998,35.159,부산광역시 사상구,부산광역시,사상구,0.12643678160919541
109,부산광역시 사하구,19,19,19,19,19,26380,사하구,128.9395,35.057,부산광역시 사하구,부산광역시,사하구,0.20689655172413793
110,부산광역시 서구,6,6,6,6,6,26140,서구,129.012,35.096999999999994,부산광역시 서구,부산광역시,서구,0.05747126436781609
111,부산광역시 수영구,17,17,17,17,17,26500,수영구,129.1135,35.161500000000004,부산광역시 수영구,부산광역시,수영구,0.1839080459770115
112,부산광역시 연제구,17,17,17,17,17,26470,연제구,129.0815,35.1785,부산광역시 연제구,부산광역시,연제구,0.1839080459770115
113,부산광역시 영도구,5,5,5,5,5,26200,영도구,129.06400000000002,35.075,부산광역시 영도구,부산광역시,영도구,0.04597701149425287
114,부산광역시 중구,3,3,3,3,3,26110,중구,129.0315,35.105999999999995,부산광역시 중구,부산광역시,중구,0.022988505747126436
115,부산광역시 해운대구,45,45,45,45,45,26350,해운대구,129.159,35.201499999999996,부산광역시 해운대구,부산광역시,해운대구,0.5057471264367817
116,서울특별시 강남구,83,83,83,83,83,11680,강남구,127.06649999999999,37.496,서울특별시 강남구,서울특별시,강남구,0.9425287356321839
117,서울특별시 강동구,36,36,36,36,36,11740,강동구,127.146,37.548500000000004,서울특별시 강동구,서울특별시,강동구,0.40229885057471265
118,서울특별시 강북구,24,24,24,24,24,11305,강북구,127.015,37.647000000000006,서울특별시 강북구,서울특별시,강북구,0.26436781609195403
119,서울특별시 강서구,47,47,47,47,47,11500,강서구,126.8235,37.5655,서울특별시 강서구,서울특별시,강서구,0.5287356321839081
120,서울특별시 관악구,30,30,30,30,30,11620,관악구,126.944,37.465999999999994,서울특별시 관악구,서울특별시,관악구,0.3333333333333333
121,서울특별시 광진구,31,31,31,31,31,11215,광진구,127.0855,37.548500000000004,서울특별시 광진구,서울특별시,광진구,0.3448275862068966
122,서울특별시 구로구,29,29,29,29,29,11530,구로구,126.858,37.495999999999995,서울특별시 구로구,서울특별시,구로구,0.3218390804597701
123,서울특별시 금천구,16,16,16,16,16,11545,금천구,126.9,37.460499999999996,서울특별시 금천구,서울특별시,금천구,0.1724137931034483
124,서울특별시 노원구,42,42,42,42,42,11350,노원구,127.077,37.655,서울특별시 노원구,서울특별시,노원구,0.47126436781609193
125,서울특별시 도봉구,25,25,25,25,25,11320,도봉구,127.032,37.6665,서울특별시 도봉구,서울특별시,도봉구,0.27586206896551724
126,서울특별시 동대문구,27,27,27,27,27,11230,동대문구,127.0505,37.584,서울특별시 동대문구,서울특별시,동대문구,0.2988505747126437
127,서울특별시 동작구,24,24,24,24,24,11590,동작구,126.944,37.4965,서울특별시 동작구,서울특별시,동작구,0.26436781609195403
128,서울특별시 마포구,47,47,47,47,47,11440,마포구,126.90899999999999,37.5625,서울특별시 마포구,서울특별시,마포구,0.5287356321839081
129,서울특별시 서대문구,25,25,25,25,25,11410,서대문구,126.93549999999999,37.582,서울특별시 서대문구,서울특별시,서대문구,0.27586206896551724
130,서울특별시 서초구,52,52,52,52,52,11650,서초구,127.03800000000001,37.477000000000004,서울특별시 서초구,서울특별시,서초구,0.5862068965517241
131,서울특별시 성동구,30,30,30,30,30,11200,성동구,127.0415,37.5505,서울특별시 성동구,서울특별시,성동구,0.3333333333333333
132,서울특별시 성북구,34,34,34,34,34,11290,성북구,127.0235,37.607,서울특별시 성북구,서울특별시,성북구,0.3793103448275862
133,서울특별시 송파구,67,67,67,67,67,11710,송파구,127.11449999999999,37.504999999999995,서울특별시 송파구,서울특별시,송파구,0.7586206896551724
134,서울특별시 양천구,46,46,46,46,46,11470,양천구,126.856,37.527,서울특별시 양천구,서울특별시,양천구,0.5172413793103449
135,서울특별시 영등포구,32,32,32,32,32,11560,영등포구,126.914,37.5205,서울특별시 영등포구,서울특별시,영등포구,0.3563218390804598
136,서울특별시 용산구,30,30,30,30,30,11170,용산구,126.9815,37.531499999999994,서울특별시 용산구,서울특별시,용산구,0.3333333333333333
137,서울특별시 은평구,40,40,40,40,40,11380,은평구,126.9225,37.617999999999995,서울특별시 은평구,서울특별시,은평구,0.4482758620689655
138,서울특별시 종로구,11,11,11,11,11,11110,종로구,126.98599999999999,37.599000000000004,서울특별시 종로구,서울특별시,종로구,0.11494252873563218
139,서울특별시 중구,17,17,17,17,17,11140,중구,126.9945,37.558,서울특별시 중구,서울특별시,중구,0.1839080459770115
140,서울특별시 중랑구,33,33,33,33,33,11260,중랑구,127.0935,37.5955,서울특별시 중랑구,서울특별시,중랑구,0.367816091954023
141,울산광역시 남구,28,28,28,28,28,31140,남구,129.313,35.508,울산광역시 남구,울산광역시,남구,0.3103448275862069
142,울산광역시 동구,6,6,6,6,6,31170,동구,129.423,35.522000000000006,울산광역시 동구,울산광역시,동구,0.05747126436781609
143,울산광역시 북구,10,10,10,10,10,31200,북구,129.3765,35.598,울산광역시 북구,울산광역시,북구,0.10344827586206896
144,울산광역시 울주군,20,20,20,20,20,31710,울주군,129.1695,35.5275,울산광역시 울주군,울산광역시,울주군,0.21839080459770116
145,울산광역시 중구,13,13,13,13,13,31110,중구,129.30349999999999,35.572,울산광역시 중구,울산광역시,중구,0.13793103448275862
146,인천광역시 강화군,9,9,9,9,9,28710,강화군,126.5145,37.589,인천광역시 강화군,인천광역시,강화군,0.09195402298850575
147,인천광역시 계양구,23,23,23,23,23,28245,계양구,126.738,37.559,인천광역시 계양구,인천광역시,계양구,0.25287356321839083
148,인천광역시 남동구,44,44,44,44,44,28200,남동구,126.7235,37.43,인천광역시 남동구,인천광역시,남동구,0.4942528735632184
149,인천광역시 동구,4,4,4,4,4,28140,동구,126.642,37.482,인천광역시 동구,인천광역시,동구,0.034482758620689655
150,인천광역시 부평구,31,31,31,31,31,28237,부평구,126.72550000000001,37.494,인천광역시 부평구,인천광역시,부평구,0.3448275862068966
151,인천광역시 서구,35,35,35,35,35,28260,서구,126.65899999999999,37.556,인천광역시 서구,인천광역시,서구,0.39080459770114945
152,인천광역시 연수구,31,31,31,31,31,28185,연수구,126.645,37.3905,인천광역시 연수구,인천광역시,연수구,0.3448275862068966
153,인천광역시 옹진군,1,1,1,1,1,28720,옹진군,125.9925,37.0295,인천광역시 옹진군,인천광역시,옹진군,0.0
154,인천광역시 중구,8,8,8,8,8,28110,중구,126.443,37.373000000000005,인천광역시 중구,인천광역시,중구,0.08045977011494253
155,전라남도 강진군,5,5,5,5,5,46810,강진군,126.7815,34.533500000000004,전라남도 강진군,전라남도,강진군,0.04597701149425287
156,전라남도 고흥군,10,10,10,10,10,46770,고흥군,127.319,34.32,전라남도 고흥군,전라남도,고흥군,0.10344827586206896
157,전라남도 곡성군,5,5,5,5,5,46720,곡성군,127.2465,35.203,전라남도 곡성군,전라남도,곡성군,0.04597701149425287
158,전라남도 광양시,7,7,7,7,7,46230,광양시,127.643,34.8985,전라남도 광양시,전라남도,광양시,0.06896551724137931
159,전라남도 구례군,5,5,5,5,5,46730,구례군,127.49600000000001,35.230000000000004,전라남도 구례군,전라남도,구례군,0.04597701149425287
160,전라남도 나주시,18,18,18,18,18,46170,나주시,126.706,34.9915,전라남도 나주시,전라남도,나주시,0.19540229885057472
161,전라남도 담양군,6,6,6,6,6,46710,담양군,126.98599999999999,35.2915,전라남도 담양군,전라남도,담양군,0.05747126436781609
162,전라남도 목포시,10,10,10,10,10,46110,목포시,126.3625,34.763,전라남도 목포시,전라남도,목포시,0.10344827586206896
163,전라남도 무안군,11,11,11,11,11,46840,무안군,126.318,35.010000000000005,전라남도 무안군,전라남도,무안군,0.11494252873563218
164,전라남도 보성군,10,10,10,10,10,46780,보성군,127.423,34.7825,전라남도 보성군,전라남도,보성군,0.10344827586206896
165,전라남도 순천시,21,21,21,21,21,46150,순천시,127.3845,35.010000000000005,전라남도 순천시,전라남도,순천시,0.22988505747126436
166,전라남도 신안군,1,1,1,1,1,46910,신안군,126.21600000000001,35.0625,전라남도 신안군,전라남도,신안군,0.0
167,전라남도 여수시,14,14,14,14,14,46130,여수시,127.3155,34.0275,전라남도 여수시,전라남도,여수시,0.14942528735632185
168,전라남도 영광군,11,11,11,11,11,46870,영광군,126.21000000000001,35.1855,전라남도 영광군,전라남도,영광군,0.11494252873563218
169,전라남도 영암군,9,9,9,9,9,46830,영암군,126.44,34.7295,전라남도 영암군,전라남도,영암군,0.09195402298850575
170,전라남도 완도군,3,3,3,3,3,46890,완도군,126.92349999999999,33.9795,전라남도 완도군,전라남도,완도군,0.022988505747126436
171,전라남도 장성군,7,7,7,7,7,46880,장성군,126.755,35.339,전라남도 장성군,전라남도,장성군,0.06896551724137931
172,전라남도 장흥군,7,7,7,7,7,46800,장흥군,126.9635,34.459,전라남도 장흥군,전라남도,장흥군,0.06896551724137931
173,전라남도 진도군,2,2,2,2,2,46900,진도군,125.94399999999999,34.1455,전라남도 진도군,전라남도,진도군,0.011494252873563218
174,전라남도 함평군,9,9,9,9,9,46860,함평군,126.521,35.105,전라남도 함평군,전라남도,함평군,0.09195402298850575
175,전라남도 해남군,10,10,10,10,10,46820,해남군,126.495,34.5275,전라남도 해남군,전라남도,해남군,0.10344827586206896
176,전라남도 화순군,7,7,7,7,7,46790,화순군,127.01249999999999,35.019,전라남도 화순군,전라남도,화순군,0.06896551724137931
177,전라북도 고창군,13,13,13,13,13,45790,고창군,126.6015,35.4385,전라북도 고창군,전라북도,고창군,0.13793103448275862
178,전라북도 군산시,16,16,16,16,16,45130,군산시,126.4505,35.7385,전라북도 군산시,전라북도,군산시,0.1724137931034483
179,전라북도 김제시,18,18,18,18,18,45210,김제시,126.5015,35.772999999999996,전라북도 김제시,전라북도,김제시,0.19540229885057472
180,전라북도 남원시,10,10,10,10,10,45190,남원시,127.429,35.4315,전라북도 남원시,전라북도,남원시,0.10344827586206896
181,전라북도 무주군,6,6,6,6,6,45730,무주군,127.7175,35.9285,전라북도 무주군,전라북도,무주군,0.05747126436781609
182,전라북도 부안군,8,8,8,8,8,45800,부안군,126.2825,35.595,전라북도 부안군,전라북도,부안군,0.08045977011494253
183,전라북도 순창군,7,7,7,7,7,45770,순창군,127.08699999999999,35.428,전라북도 순창군,전라북도,순창군,0.06896551724137931
184,전라북도 완주군,13,13,13,13,13,45710,완주군,127.0315,35.82899999999999,전라북도 완주군,전라북도,완주군,0.13793103448275862
185,전라북도 익산시,27,27,27,27,27,45140,익산시,126.99549999999999,36.0205,전라북도 익산시,전라북도,익산시,0.2988505747126437
186,전라북도 임실군,8,8,8,8,8,45750,임실군,127.2595,35.619,전라북도 임실군,전라북도,임실군,0.08045977011494253
187,전라북도 장수군,6,6,6,6,6,45740,장수군,127.531,35.6535,전라북도 장수군,전라북도,장수군,0.05747126436781609
188,전라북도 정읍시,22,22,22,22,22,45180,정읍시,126.916,35.61,전라북도 정읍시,전라북도,정읍시,0.2413793103448276
189,전라북도 진안군,5,5,5,5,5,45720,진안군,127.44550000000001,35.824,전라북도 진안군,전라북도,진안군,0.04597701149425287
190,제주특별자치도 서귀포시,24,24,24,24,24,50130,서귀포시,126.2675,33.117999999999995,제주특별자치도 서귀포시,제주특별자치도,서귀포시,0.26436781609195403
191,제주특별자치도 제주시,88,88,88,88,88,50110,제주시,126.227,33.408500000000004,제주특별자치도 제주시,제주특별자치도,제주시,1.0
192,충청남도 계룡시,3,3,3,3,3,44250,계룡시,127.244,36.291,충청남도 계룡시,충청남도,계룡시,0.022988505747126436
193,충청남도 공주시,21,21,21,21,21,44150,공주시,127.083,36.478,충청남도 공주시,충청남도,공주시,0.22988505747126436
194,충청남도 금산군,5,5,5,5,5,44710,금산군,127.4785,36.125,충청남도 금산군,충청남도,금산군,0.04597701149425287
195,충청남도 논산시,18,18,18,18,18,44230,논산시,127.15799999999999,36.2015,충청남도 논산시,충청남도,논산시,0.19540229885057472
196,충청남도 당진시,24,24,24,24,24,44270,당진시,126.6605,36.908,충청남도 당진시,충청남도,당진시,0.26436781609195403
197,충청남도 보령시,9,9,9,9,9,44180,보령시,126.053,36.2025,충청남도 보령시,충청남도,보령시,0.09195402298850575
198,충청남도 부여군,13,13,13,13,13,44760,부여군,126.874,36.2295,충청남도 부여군,충청남도,부여군,0.13793103448275862
199,충청남도 서산시,21,21,21,21,21,44210,서산시,126.3365,36.9075,충청남도 서산시,충청남도,서산시,0.22988505747126436
200,충청남도 서천군,5,5,5,5,5,44770,서천군,126.60499999999999,35.9955,충청남도 서천군,충청남도,서천군,0.04597701149425287
201,충청남도 아산시,24,24,24,24,24,44200,아산시,126.97399999999999,36.795500000000004,충청남도 아산시,충청남도,아산시,0.26436781609195403
202,충청남도 예산군,14,14,14,14,14,44810,예산군,126.779,36.665,충청남도 예산군,충청남도,예산군,0.14942528735632185
203,충청남도 청양군,5,5,5,5,5,44790,청양군,126.851,36.4435,충청남도 청양군,충청남도,청양군,0.04597701149425287
204,충청남도 태안군,7,7,7,7,7,44825,태안군,126.239,36.781000000000006,충청남도 태안군,충청남도,태안군,0.06896551724137931
205,충청남도 홍성군,22,22,22,22,22,44800,홍성군,126.607,36.566500000000005,충청남도 홍성군,충청남도,홍성군,0.2413793103448276
206,충청북도 괴산군,5,5,5,5,5,43760,괴산군,127.8465,36.7745,충청북도 괴산군,충청북도,괴산군,0.04597701149425287
207,충청북도 단양군,1,1,1,1,1,43800,단양군,128.4345,36.980000000000004,충청북도 단양군,충청북도,단양군,0.0
208,충청북도 보은군,8,8,8,8,8,43720,보은군,127.7105,36.4915,충청북도 보은군,충청북도,보은군,0.08045977011494253
209,충청북도 영동군,4,4,4,4,4,43740,영동군,127.8225,36.164,충청북도 영동군,충청북도,영동군,0.034482758620689655
210,충청북도 옥천군,6,6,6,6,6,43730,옥천군,127.6885,36.308,충청북도 옥천군,충청북도,옥천군,0.05747126436781609
211,충청북도 음성군,12,12,12,12,12,43770,음성군,127.6215,36.994,충청북도 음성군,충청북도,음성군,0.12643678160919541
212,충청북도 제천시,9,9,9,9,9,43150,제천시,128.1275,37.035,충청북도 제천시,충청북도,제천시,0.09195402298850575
213,충청북도 증평군,4,4,4,4,4,43745,증평군,127.60050000000001,36.7805,충청북도 증평군,충청북도,증평군,0.034482758620689655
214,충청북도 진천군,8,8,8,8,8,43750,진천군,127.4375,36.8805,충청북도 진천군,충청북도,진천군,0.08045977011494253
215,충청북도 충주시,15,15,15,15,15,43130,충주시,127.89249999999998,37.0045,충청북도 충주시,충청북도,충주시,0.16091954022988506
